,duration_bin,games_played,wins,hero_id
0,5700,1,0,1
1,3300,285,147,1
2,7500,1,0,1
3,1800,2332,1162,1
4,3900,48,26,1
5,300,20,9,1
6,7200,1,1,1
7,3000,468,262,1
8,4200,25,11,1
9,6600,1,1,1
10,4500,21,12,1
11,1200,1163,440,1
12,2700,732,434,1
13,5100,3,1,1
14,2100,1706,948,1
15,5400,3,2,1
16,900,414,152,1
17,12000,1,0,1
18,600,94,39,1
19,2400,1259,720,1
20,3600,123,56,1
21,1500,2017,868,1
22,4800,8,3,1
23,5700,1,0,2
24,3300,350,165,2
25,1800,2824,1323,2
26,3900,91,47,2
27,300,40,20,2
28,7200,1,1,2
29,3000,629,334,2
30,4200,42,21,2
31,4500,27,13,2
32,1200,1609,648,2
33,2700,881,468,2
34,5100,9,5,2
35,2100,2123,1045,2
36,5400,1,1,2
37,900,694,259,2
38,600,173,55,2
39,2400,1469,713,2
40,3600,179,87,2
41,1500,2607,1184,2
42,4800,11,6,2
43,3300,381,179,3
44,1800,3784,2062,3
45,3900,103,52,3
46,300,33,21,3
47,7200,1,0,3
48,3000,831,422,3
49,4200,56,28,3
50,7800,1,0,3
51,4500,23,8,3
52,1200,2050,1114,3
53,2700,1221,632,3
54,5100,14,11,3
55,2100,3013,1612,3
56,5400,3,0,3
57,900,770,423,3
58,600,184,98,3
59,2400,2192,1164,3
60,3600,216,121,3
61,1500,3095,1691,3
62,4800,15,8,3
63,5700,2,0,4
64,3300,274,118,4
65,1800,2363,1146,4
66,3900,64,25,4
67,300,22,14,4
68,6000,1,0,4
69,7200,1,1,4
70,3000,568,291,4
71,4200,24,13,4
72,4500,19,9,4
73,1200,1178,537,4
74,2700,742,358,4
75,5100,7,4,4
76,2100,1849,926,4
77,900,408,201,4
78,6300,1,0,4
79,600,97,66,4
80,2400,1330,683,4
81,3600,128,55,4
82,8100,1,0,4
83,1500,1905,877,4
84,4800,9,2,4
85,5700,4,3,5
86,3300,366,170,5
87,1800,4436,2236,5
88,3900,119,57,5
89,300,32,21,5
90,6000,3,1,5
91,7200,1,0,5
92,3000,772,406,5
93,4200,61,36,5
94,7800,1,0,5
95,4500,28,13,5
96,1200,2471,1296,5
97,2700,1148,562,5
98,5100,6,3,5
99,6900,1,0,5
100,2100,3172,1607,5
101,5400,3,1,5
102,900,810,421,5
103,6300,2,1,5
104,600,192,100,5
105,2400,1972,977,5
106,3600,224,113,5
107,1500,4451,2249,5
108,4800,15,8,5
109,5700,4,1,6
110,3300,255,112,6
111,7500,1,1,6
112,1800,2433,1229,6
113,3900,69,29,6
114,300,27,12,6
115,6000,1,1,6
116,3000,501,231,6
117,4200,44,21,6
118,4500,17,11,6
119,1200,1698,972,6
120,2700,719,297,6
121,5100,6,3,6
122,2100,1807,844,6
123,5400,2,1,6
124,900,754,482,6
125,600,186,114,6
126,2400,1281,556,6
127,3600,134,66,6
128,1500,2395,1266,6
129,4800,4,2,6
130,5700,3,3,7
131,3300,703,343,7
132,1800,4255,2097,7
133,3900,188,92,7
134,300,36,15,7
135,7200,1,1,7
136,3000,1163,562,7
137,4200,119,76,7
138,4500,65,25,7
139,1200,2308,1123,7
140,2700,1752,877,7
141,5100,24,10,7
142,6900,2,0,7
143,2100,3544,1822,7
144,5400,7,5,7
145,900,957,443,7
146,6300,2,0,7
147,12000,1,1,7
148,600,266,110,7
149,2400,2686,1379,7
150,3600,383,194,7
151,1500,3642,1747,7
152,4800,25,15,7
153,3300,431,213,8
154,1800,4336,2133,8
155,3900,127,67,8
156,300,41,21,8
157,6000,1,1,8
158,3000,863,460,8
159,4200,60,38,8
160,4500,34,21,8
161,1200,2789,1342,8
162,2700,1317,697,8
163,5100,7,4,8
164,2100,3205,1612,8
165,900,1157,577,8
166,6300,4,3,8
167,600,262,131,8
168,2400,2311,1134,8
169,3600,228,130,8
170,1500,4014,2021,8
171,4800,11,3,8
172,5700,1,0,9
173,3300,676,333,9
174,7500,1,0,9
175,1800,5358,2940,9
176,3900,177,94,9
177,300,46,35,9
178,6000,1,1,9
179,7200,2,1,9
180,3000,1218,656,9
181,4200,96,53,9
182,4500,43,19,9
183,1200,2975,1542,9
184,2700,1787,935,9
185,5100,10,6,9
186,2100,4160,2185,9
187,5400,6,2,9
188,900,1122,598,9
189,6300,2,0,9
190,600,279,171,9
191,2400,2953,1580,9
192,3600,306,158,9
193,1500,4654,2506,9
194,4800,24,11,9
195,5700,1,0,10
196,3300,432,219,10
197,1800,4186,2021,10
198,3900,102,52,10
199,300,31,17,10
200,6000,3,3,10
201,7200,1,0,10
202,3000,861,435,10
203,4200,48,27,10
204,6600,1,1,10
205,4500,29,9,10
206,1200,2133,1067,10
207,2700,1288,642,10
208,5100,6,2,10
209,6900,1,0,10
210,2100,3111,1491,10
211,900,711,328,10
212,600,161,81,10
213,2400,2249,1160,10
214,3600,242,117,10
215,1500,3583,1783,10
216,4800,12,5,10
217,5700,2,0,11
218,3300,396,201,11
219,1800,3858,1924,11
220,3900,95,42,11
221,300,46,20,11
222,3000,718,384,11
223,4200,63,38,11
224,6600,2,2,11
225,7800,1,1,11
226,4500,29,14,11
227,1200,2241,1219,11
228,2700,1068,529,11
229,5100,5,4,11
230,2100,2654,1329,11
231,5400,1,1,11
232,900,918,516,11
233,6300,1,0,11
234,600,209,99,11
235,2400,1868,926,11
236,3600,212,112,11
237,1500,3781,1969,11
238,4800,15,7,11
239,5700,1,1,12
240,3300,288,144,12
241,1800,2176,1041,12
242,3900,85,43,12
243,300,15,6,12
244,6000,2,1,12
245,3000,561,262,12
246,4200,42,21,12
247,6600,2,0,12
248,4500,24,14,12
249,1200,1134,506,12
250,2700,816,428,12
251,5100,8,3,12
252,2100,1778,872,12
253,5400,2,1,12
254,900,411,168,12
255,6300,1,0,12
256,600,103,39,12
257,2400,1320,649,12
258,3600,175,76,12
259,1500,1715,838,12
260,4800,22,17,12
261,5700,2,1,13
262,3300,643,319,13
263,7500,1,0,13
264,1800,5416,2604,13
265,3900,168,87,13
266,300,38,22,13
267,6000,2,1,13
268,3000,1255,617,13
269,4200,82,42,13
270,6600,1,1,13
271,4500,29,13,13
272,1200,2662,1352,13
273,2700,1823,937,13
274,5100,9,5,13
275,6900,1,1,13
276,2100,4301,2094,13
277,5400,4,3,13
278,900,1012,532,13
279,6300,1,0,13
280,12000,1,0,13
281,600,281,146,13
282,2400,3024,1504,13
283,3600,331,178,13
284,1500,4530,2229,13
285,4800,23,14,13
286,5700,2,1,14
287,3300,152,73,14
288,1800,2514,1232,14
289,3900,38,28,14
290,300,24,10,14
291,3000,344,166,14
292,4200,24,7,14
293,4500,9,6,14
294,1200,1471,726,14
295,2700,481,236,14
296,5100,2,0,14
297,2100,1594,778,14
298,5400,1,0,14
299,900,483,225,14
300,6300,1,0,14
301,600,117,67,14
302,2400,1001,488,14
303,3600,57,34,14
304,1500,2405,1224,14
305,4800,2,0,14
306,5700,3,1,15
307,3300,447,214,15
308,1800,3136,1521,15
309,3900,101,55,15
310,300,24,11,15
311,6000,2,1,15
312,3000,786,367,15
313,4200,62,28,15
314,6600,2,0,15
315,7800,1,0,15
316,4500,34,17,15
317,1200,1792,879,15
318,2700,1225,620,15
319,5100,6,1,15
320,2100,2646,1340,15
321,5400,5,3,15
322,900,714,394,15
323,600,211,122,15
324,2400,2045,1058,15
325,3600,226,103,15
326,1500,2667,1302,15
327,4800,17,4,15
328,5700,4,0,16
329,3300,523,286,16
330,7500,1,1,16
331,1800,3932,1891,16
332,3900,144,66,16
333,300,36,17,16
334,6000,2,2,16
335,7200,1,1,16
336,3000,998,494,16
337,4200,93,40,16
338,6600,1,0,16
339,4500,34,22,16
340,1200,2084,988,16
341,2700,1490,704,16
342,5100,7,5,16
343,2100,3268,1533,16
344,5400,5,1,16
345,900,772,357,16
346,600,196,83,16
347,2400,2350,1137,16
348,3600,291,143,16
349,1500,3395,1708,16
350,4800,13,7,16
351,5700,2,0,17
352,3300,474,245,17
353,1800,4166,2093,17
354,3900,119,64,17
355,300,31,15,17
356,3000,963,498,17
357,4200,69,40,17
358,6600,1,1,17
359,4500,31,21,17
360,1200,2182,1051,17
361,2700,1466,752,17
362,5100,11,4,17
363,6900,1,1,17
364,2100,3329,1637,17
365,5400,4,0,17
366,900,748,342,17
367,600,179,62,17
368,2400,2327,1207,17
369,3600,243,141,17
370,1500,3607,1746,17
371,4800,23,10,17
372,5700,3,2,18
373,3300,292,138,18
374,1800,2967,1529,18
375,3900,84,42,18
376,300,15,6,18
377,3000,585,273,18
378,4200,46,24,18
379,6600,1,1,18
380,4500,17,11,18
381,1200,1559,697,18
382,2700,883,448,18
383,5100,7,3,18
384,2100,2235,1184,18
385,5400,4,1,18
386,900,570,256,18
387,6300,1,0,18
388,600,113,50,18
389,2400,1461,779,18
390,3600,143,73,18
391,1500,2669,1293,18
392,4800,7,3,18
393,5700,2,0,19
394,3300,589,265,19
395,1800,6610,3245,19
396,3900,146,75,19
397,300,36,22,19
398,6000,2,1,19
399,7200,1,0,19
400,3000,1302,602,19
401,4200,88,35,19
402,7800,1,0,19
403,4500,28,15,19
404,1200,3385,1773,19
405,2700,1866,898,19
406,5100,11,7,19
407,2100,4865,2317,19
408,5400,4,3,19
409,900,1090,634,19
410,6300,1,1,19
411,600,220,132,19
412,2400,3508,1612,19
413,3600,275,136,19
414,1500,5705,2931,19
415,4800,20,9,19
416,5700,6,4,20
417,3300,629,314,20
418,1800,4774,2412,20
419,3900,149,55,20
420,300,54,26,20
421,6000,2,2,20
422,7200,3,2,20
423,3000,1067,535,20
424,4200,79,30,20
425,4500,37,17,20
426,1200,2996,1593,20
427,2700,1525,785,20
428,5100,9,5,20
429,2100,3611,1837,20
430,5400,5,1,20
431,900,1331,695,20
432,6300,3,2,20
433,600,346,177,20
434,2400,2629,1358,20
435,3600,324,156,20
436,1500,4427,2219,20
437,4800,25,13,20
438,5700,3,1,21
439,3300,386,187,21
440,1800,3699,1820,21
441,3900,88,51,21
442,300,27,15,21
443,6000,1,0,21
444,3000,715,365,21
445,4200,44,19,21
446,4500,16,5,21
447,1200,1991,884,21
448,2700,1091,537,21
449,5100,10,2,21
450,2100,2765,1338,21
451,5400,4,2,21
452,900,698,295,21
453,6300,1,1,21
454,600,179,83,21
455,2400,1795,905,21
456,3600,227,120,21
457,1500,3334,1555,21
458,4800,18,8,21
459,5700,4,1,22
460,3300,339,180,22
461,1800,2711,1357,22
462,3900,88,42,22
463,300,21,7,22
464,7200,1,1,22
465,3000,614,333,22
466,4200,65,35,22
467,4500,44,15,22
468,1200,1286,558,22
469,2700,848,419,22
470,5100,12,6,22
471,2100,1946,989,22
472,5400,8,1,22
473,900,400,160,22
474,6300,2,2,22
475,12000,1,1,22
476,600,118,47,22
477,2400,1469,750,22
478,3600,184,97,22
479,1500,2276,1109,22
480,4800,21,12,22
481,5700,1,0,23
482,3300,397,185,23
483,1800,3857,1902,23
484,3900,120,64,23
485,300,31,18,23
486,3000,827,419,23
487,4200,55,30,23
488,6600,2,0,23
489,4500,40,20,23
490,1200,2018,1046,23
491,2700,1168,562,23
492,5100,9,2,23
493,2100,2907,1478,23
494,5400,3,1,23
495,900,671,335,23
496,6300,2,1,23
497,600,173,76,23
498,2400,2221,1082,23
499,3600,229,106,23
500,1500,3180,1640,23
501,4800,17,9,23
502,5700,4,3,25
503,3300,520,256,25
504,1800,5082,2522,25
505,3900,145,73,25
506,300,54,30,25
507,6000,3,1,25
508,7200,1,1,25
509,3000,1039,494,25
510,4200,87,40,25
511,4500,34,21,25
512,1200,2475,1180,25
513,2700,1524,744,25
514,5100,18,9,25
515,6900,1,0,25
516,2100,3812,1849,25
517,5400,4,2,25
518,900,830,414,25
519,6300,1,0,25
520,600,245,117,25
521,2400,2776,1368,25
522,3600,276,119,25
523,1500,4403,2173,25
524,4800,23,9,25
525,5700,4,3,26
526,3300,565,278,26
527,1800,4302,2083,26
528,3900,146,71,26
529,300,52,20,26
530,6000,3,1,26
531,3000,995,470,26
532,4200,94,46,26
533,4500,29,17,26
534,1200,2286,921,26
535,2700,1513,752,26
536,5100,8,1,26
537,2100,3256,1606,26
538,5400,5,3,26
539,900,928,327,26
540,6300,3,2,26
541,600,263,77,26
542,2400,2449,1263,26
543,3600,313,141,26
544,1500,3797,1768,26
545,4800,25,12,26
546,3300,313,148,27
547,1800,2974,1470,27
548,3900,59,29,27
549,300,33,12,27
550,6000,1,1,27
551,3000,609,323,27
552,4200,30,14,27
553,4500,13,6,27
554,1200,2065,1026,27
555,2700,957,508,27
556,5100,4,2,27
557,2100,2195,1130,27
558,5400,1,1,27
559,900,1011,488,27
560,600,258,120,27
561,2400,1576,766,27
562,3600,160,82,27
563,1500,2943,1474,27
564,4800,7,4,27
565,3300,328,178,28
566,1800,3133,1600,28
567,3900,84,48,28
568,300,29,14,28
569,6000,3,2,28
570,7200,2,0,28
571,3000,670,366,28
572,4200,56,27,28
573,4500,22,7,28
574,1200,1956,933,28
575,2700,978,512,28
576,5100,6,2,28
577,2100,2312,1204,28
578,5400,1,0,28
579,900,756,363,28
580,6300,2,1,28
581,600,187,79,28
582,2400,1599,872,28
583,3600,203,93,28
584,1500,2902,1476,28
585,4800,14,9,28
586,5700,2,1,29
587,3300,473,231,29
588,1800,3524,1777,29
589,3900,126,54,29
590,300,34,11,29
591,6000,1,1,29
592,3000,901,438,29
593,4200,62,30,29
594,4500,29,14,29
595,1200,2155,993,29
596,2700,1276,652,29
597,5100,13,4,29
598,2100,2880,1447,29
599,5400,3,2,29
600,900,843,357,29
601,6300,2,2,29
602,600,194,85,29
603,2400,2115,1059,29
604,3600,229,122,29
605,1500,3177,1528,29
606,4800,14,7,29
607,5700,2,2,30
608,3300,441,231,30
609,1800,3109,1483,30
610,3900,117,52,30
611,300,39,23,30
612,6000,2,2,30
613,3000,762,382,30
614,4200,57,32,30
615,4500,30,17,30
616,1200,1799,868,30
617,2700,1100,541,30
618,5100,10,4,30
619,2100,2292,1066,30
620,5400,1,1,30
621,900,831,387,30
622,6300,1,0,30
623,600,224,107,30
624,2400,1734,828,30
625,3600,216,110,30
626,1500,2611,1233,30
627,4800,19,10,30
628,3300,319,161,31
629,1800,3462,1670,31
630,3900,112,63,31
631,300,42,13,31
632,6000,2,1,31
633,3000,767,371,31
634,4200,57,34,31
635,4500,19,8,31
636,1200,2100,888,31
637,2700,1073,547,31
638,5100,6,2,31
639,2100,2496,1207,31
640,5400,2,1,31
641,900,802,342,31
642,6300,2,1,31
643,600,231,100,31
644,2400,1808,924,31
645,3600,224,109,31
646,1500,3036,1400,31
647,4800,15,7,31
648,5700,1,0,32
649,3300,178,74,32
650,1800,1438,741,32
651,3900,46,28,32
652,300,16,11,32
653,3000,323,183,32
654,4200,26,16,32
655,4500,13,4,32
656,1200,800,390,32
657,2700,433,204,32
658,5100,6,3,32
659,2100,992,516,32
660,5400,3,2,32
661,900,299,133,32
662,600,77,44,32
663,2400,761,422,32
664,3600,80,39,32
665,1500,1244,614,32
666,4800,5,3,32
667,5700,3,0,33
668,3300,281,153,33
669,1800,2030,1075,33
670,3900,91,53,33
671,300,25,13,33
672,7200,1,0,33
673,3000,569,294,33
674,4200,42,20,33
675,6600,1,0,33
676,4500,19,11,33
677,1200,1082,616,33
678,2700,783,438,33
679,5100,5,3,33
680,2100,1682,848,33
681,5400,1,0,33
682,900,471,264,33
683,600,105,64,33
684,2400,1300,718,33
685,3600,143,70,33
686,1500,1618,870,33
687,4800,12,6,33
688,5700,2,1,34
689,3300,275,134,34
690,1800,1227,594,34
691,3900,76,38,34
692,300,20,4,34
693,6000,1,0,34
694,7200,1,0,34
695,3000,507,226,34
696,4200,46,19,34
697,6600,1,1,34
698,4500,24,15,34
699,1200,633,307,34
700,2700,631,255,34
701,5100,5,3,34
702,2100,1101,514,34
703,5400,3,2,34
704,900,287,130,34
705,6300,1,1,34
706,600,92,41,34
707,2400,961,423,34
708,3600,186,89,34
709,1500,1104,547,34
710,4800,16,8,34
711,5700,6,2,35
712,3300,222,86,35
713,1800,1539,753,35
714,3900,56,21,35
715,300,16,9,35
716,7200,1,0,35
717,3000,376,167,35
718,4200,46,20,35
719,4500,12,4,35
720,1200,857,492,35
721,2700,533,229,35
722,5100,8,6,35
723,2100,1154,544,35
724,5400,4,3,35
725,900,295,152,35
726,12000,1,1,35
727,600,73,36,35
728,2400,799,326,35
729,3600,117,50,35
730,1500,1370,713,35
731,4800,11,3,35
732,5700,2,1,36
733,3300,221,114,36
734,1800,1703,843,36
735,3900,57,23,36
736,300,21,8,36
737,6000,1,0,36
738,3000,412,202,36
739,4200,41,13,36
740,4500,13,9,36
741,1200,1034,558,36
742,2700,563,249,36
743,5100,4,2,36
744,2100,1365,719,36
745,5400,1,0,36
746,900,422,216,36
747,6300,1,0,36
748,600,109,53,36
749,2400,932,469,36
750,3600,90,47,36
751,1500,1617,805,36
752,4800,6,3,36
753,5700,1,1,37
754,3300,192,101,37
755,1800,1718,820,37
756,3900,63,27,37
757,300,16,5,37
758,3000,413,204,37
759,4200,22,10,37
760,4500,23,15,37
761,1200,958,443,37
762,2700,520,263,37
763,5100,1,0,37
764,2100,1269,620,37
765,5400,2,1,37
766,900,378,155,37
767,6300,1,0,37
768,600,80,34,37
769,2400,903,420,37
770,3600,106,58,37
771,1500,1481,735,37
772,4800,10,4,37
773,5700,2,1,38
774,3300,390,189,38
775,1800,3949,2166,38
776,3900,108,45,38
777,300,36,21,38
778,6000,1,1,38
779,7200,1,0,38
780,3000,800,416,38
781,4200,45,21,38
782,4500,22,12,38
783,1200,2582,1656,38
784,2700,1168,562,38
785,5100,8,3,38
786,2100,2859,1459,38
787,5400,2,2,38
788,900,1009,675,38
789,600,225,142,38
790,2400,2029,982,38
791,3600,210,99,38
792,1500,3584,2055,38
793,4800,11,4,38
794,3300,558,316,39
795,1800,4800,2396,39
796,3900,151,70,39
797,300,38,23,39
798,3000,1037,526,39
799,4200,81,47,39
800,4500,35,20,39
801,1200,2469,1160,39
802,2700,1634,831,39
803,5100,13,7,39
804,2100,3803,1945,39
805,5400,3,2,39
806,900,842,435,39
807,6300,1,1,39
808,600,228,131,39
809,2400,2663,1345,39
810,8400,1,0,39
811,3600,284,143,39
812,1500,4138,2013,39
813,4800,19,14,39
814,5700,3,1,40
815,3300,274,145,40
816,1800,2026,1012,40
817,3900,83,41,40
818,300,18,5,40
819,6000,4,2,40
820,7200,1,0,40
821,3000,531,252,40
822,4200,52,30,40
823,4500,19,7,40
824,1200,1209,668,40
825,2700,758,381,40
826,5100,4,3,40
827,6900,1,0,40
828,2100,1676,880,40
829,5400,1,0,40
830,900,510,292,40
831,600,118,54,40
832,2400,1206,606,40
833,8400,1,1,40
834,3600,168,84,40
835,1500,1912,999,40
836,4800,9,5,40
837,5700,2,1,41
838,3300,532,306,41
839,1800,4144,2068,41
840,3900,146,80,41
841,300,43,19,41
842,3000,1013,574,41
843,4200,69,36,41
844,4500,32,18,41
845,1200,2144,920,41
846,2700,1574,857,41
847,5100,12,7,41
848,2100,3350,1765,41
849,5400,3,0,41
850,900,867,365,41
851,6300,2,0,41
852,600,250,103,41
853,2400,2691,1403,41
854,3600,292,158,41
855,1500,3345,1508,41
856,4800,12,6,41
857,5700,3,2,42
858,3300,286,150,42
859,1800,2822,1472,42
860,3900,67,29,42
861,300,41,17,42
862,3000,619,320,42
863,4200,41,19,42
864,6600,1,1,42
865,4500,26,19,42
866,1200,1595,753,42
867,2700,830,398,42
868,5100,7,5,42
869,2100,2037,1014,42
870,5400,3,1,42
871,900,634,290,42
872,600,180,87,42
873,2400,1429,682,42
874,3600,156,80,42
875,1500,2610,1330,42
876,4800,12,9,42
877,5700,3,3,43
878,3300,495,249,43
879,1800,3943,1993,43
880,3900,129,57,43
881,300,36,19,43
882,6000,3,3,43
883,3000,946,459,43
884,4200,65,34,43
885,4500,29,12,43
886,1200,2104,1034,43
887,2700,1400,709,43
888,5100,9,3,43
889,2100,3090,1613,43
890,5400,2,1,43
891,900,819,396,43
892,600,198,89,43
893,2400,2298,1208,43
894,3600,247,118,43
895,1500,3359,1652,43
896,4800,6,1,43
897,5700,2,0,44
898,3300,190,115,44
899,1800,2807,1378,44
900,3900,51,24,44
901,300,19,11,44
902,6000,1,1,44
903,3000,418,219,44
904,4200,22,12,44
905,4500,11,6,44
906,1200,1577,588,44
907,2700,636,346,44
908,5100,1,1,44
909,2100,1939,984,44
910,900,503,160,44
911,6300,1,0,44
912,600,140,42,44
913,2400,1219,635,44
914,3600,111,52,44
915,1500,2436,1046,44
916,4800,7,5,44
917,5700,2,0,45
918,3300,287,130,45
919,1800,2571,1313,45
920,3900,66,39,45
921,300,31,23,45
922,3000,550,295,45
923,4200,46,18,45
924,6600,1,0,45
925,4500,24,12,45
926,1200,1829,1039,45
927,2700,752,327,45
928,5100,8,3,45
929,2100,1924,937,45
930,5400,1,1,45
931,900,715,443,45
932,600,194,129,45
933,2400,1409,681,45
934,3600,142,74,45
935,1500,2429,1304,45
936,4800,6,6,45
937,5700,3,3,46
938,3300,355,169,46
939,1800,4441,2348,46
940,3900,89,44,46
941,300,34,21,46
942,6000,1,0,46
943,3000,761,365,46
944,4200,54,23,46
945,4500,19,5,46
946,1200,2758,1615,46
947,2700,1159,576,46
948,5100,6,4,46
949,2100,3166,1673,46
950,5400,3,2,46
951,900,1039,606,46
952,6300,2,2,46
953,600,221,131,46
954,2400,2086,1088,46
955,3600,187,105,46
956,1500,4288,2318,46
957,4800,14,3,46
958,3300,416,193,47
959,7500,2,1,47
960,1800,2826,1413,47
961,3900,107,42,47
962,300,37,20,47
963,6000,1,0,47
964,3000,721,327,47
965,4200,66,32,47
966,4500,27,17,47
967,1200,1707,913,47
968,2700,1082,503,47
969,5100,8,4,47
970,2100,2215,1043,47
971,5400,2,1,47
972,900,857,458,47
973,6300,1,0,47
974,600,251,134,47
975,2400,1759,815,47
976,3600,198,96,47
977,1500,2404,1210,47
978,4800,17,5,47
979,5700,1,1,48
980,3300,269,131,48
981,1800,3480,1775,48
982,3900,56,21,48
983,300,28,13,48
984,6000,2,1,48
985,3000,517,240,48
986,4200,23,7,48
987,4500,12,4,48
988,1200,1915,1032,48
989,2700,772,352,48
990,5100,1,1,48
991,2100,2379,1233,48
992,5400,1,1,48
993,900,714,390,48
994,600,152,79,48
995,2400,1452,696,48
996,3600,113,52,48
997,1500,3315,1802,48
998,4800,7,3,48
999,3300,318,160,49
1000,1800,3879,1909,49
1001,3900,104,57,49
1002,300,30,12,49
1003,6000,1,0,49
1004,3000,763,395,49
1005,4200,44,16,49
1006,4500,24,12,49
1007,1200,2118,1031,49
1008,2700,1088,511,49
1009,5100,5,5,49
1010,6900,1,0,49
1011,2100,2825,1459,49
1012,5400,1,0,49
1013,900,784,378,49
1014,600,197,104,49
1015,2400,1990,985,49
1016,3600,185,88,49
1017,1500,3312,1587,49
1018,4800,16,8,49
1019,3300,393,199,50
1020,7500,1,0,50
1021,1800,2774,1399,50
1022,3900,103,44,50
1023,300,43,19,50
1024,6000,1,0,50
1025,3000,670,346,50
1026,4200,68,28,50
1027,6600,1,0,50
1028,4500,32,12,50
1029,1200,1986,1019,50
1030,2700,941,445,50
1031,5100,9,3,50
1032,6900,1,1,50
1033,2100,2166,1100,50
1034,5400,3,2,50
1035,900,1047,566,50
1036,6300,1,0,50
1037,600,284,129,50
1038,2400,1519,752,50
1039,3600,215,98,50
1040,1500,2724,1412,50
1041,4800,13,8,50
1042,5700,5,2,51
1043,3300,725,379,51
1044,7500,2,0,51
1045,1800,5093,2628,51
1046,3900,177,88,51
1047,300,44,24,51
1048,6000,4,1,51
1049,3000,1198,610,51
1050,4200,110,52,51
1051,6600,3,2,51
1052,7800,1,1,51
1053,4500,48,24,51
1054,1200,2660,1372,51
1055,2700,1932,945,51
1056,5100,16,7,51
1057,6900,1,1,51
1058,2100,3957,2014,51
1059,5400,4,3,51
1060,900,1004,546,51
1061,6300,3,2,51
1062,12000,1,0,51
1063,600,240,136,51
1064,2400,3084,1539,51
1065,8400,1,1,51
1066,3600,355,192,51
1067,1500,4309,2192,51
1068,4800,28,18,51
1069,5700,1,1,52
1070,3300,364,197,52
1071,1800,3647,1890,52
1072,3900,94,49,52
1073,300,38,28,52
1074,3000,788,413,52
1075,4200,41,21,52
1076,7800,1,0,52
1077,4500,24,16,52
1078,1200,2277,1286,52
1079,2700,1103,541,52
1080,5100,4,3,52
1081,2100,2742,1412,52
1082,5400,2,1,52
1083,900,948,567,52
1084,6300,4,1,52
1085,600,202,127,52
1086,2400,1979,988,52
1087,3600,164,82,52
1088,1500,3388,1735,52
1089,4800,13,6,52
1090,5700,1,1,53
1091,3300,475,224,53
1092,1800,4285,2208,53
1093,3900,116,51,53
1094,300,51,32,53
1095,6000,1,1,53
1096,3000,922,396,53
1097,4200,54,28,53
1098,6600,1,0,53
1099,4500,19,8,53
1100,1200,2805,1626,53
1101,2700,1414,661,53
1102,5100,6,5,53
1103,2100,3244,1506,53
1104,5400,2,2,53
1105,900,1266,815,53
1106,6300,1,0,53
1107,600,298,208,53
1108,2400,2344,1085,53
1109,8400,1,1,53
1110,3600,189,100,53
1111,1500,4029,2205,53
1112,4800,11,5,53
1113,5700,2,0,54
1114,3300,448,227,54
1115,7500,1,0,54
1116,1800,3976,2013,54
1117,3900,123,59,54
1118,300,46,18,54
1119,7200,1,0,54
1120,3000,882,442,54
1121,4200,56,28,54
1122,4500,31,17,54
1123,1200,2274,1109,54
1124,2700,1296,645,54
1125,5100,10,4,54
1126,2100,3118,1551,54
1127,5400,2,1,54
1128,900,876,367,54
1129,6300,1,1,54
1130,600,210,86,54
1131,2400,2265,1155,54
1132,3600,210,104,54
1133,1500,3621,1751,54
1134,4800,10,5,54
1135,5700,3,1,55
1136,3300,513,270,55
1137,1800,3169,1641,55
1138,3900,128,74,55
1139,300,44,20,55
1140,6000,1,0,55
1141,7200,1,1,55
1142,3000,835,415,55
1143,4200,77,41,55
1144,6600,1,1,55
1145,7800,1,0,55
1146,4500,40,16,55
1147,1200,1886,914,55
1148,2700,1273,649,55
1149,5100,8,3,55
1150,2100,2529,1277,55
1151,5400,4,1,55
1152,900,854,374,55
1153,6300,1,0,55
1154,600,205,96,55
1155,2400,1990,1039,55
1156,3600,252,133,55
1157,8100,1,0,55
1158,1500,2916,1478,55
1159,4800,29,16,55
1160,3300,136,75,56
1161,1800,1226,658,56
1162,3900,38,20,56
1163,300,11,5,56
1164,3000,259,130,56
1165,4200,13,5,56
1166,4500,5,3,56
1167,1200,748,365,56
1168,2700,369,183,56
1169,5100,4,4,56
1170,2100,856,432,56
1171,5400,1,1,56
1172,900,273,117,56
1173,600,71,26,56
1174,2400,636,322,56
1175,3600,63,25,56
1176,1500,1081,529,56
1177,4800,4,4,56
1178,5700,2,1,57
1179,3300,172,94,57
1180,1800,1642,889,57
1181,3900,47,17,57
1182,300,12,6,57
1183,3000,370,190,57
1184,4200,27,13,57
1185,6600,1,0,57
1186,4500,11,8,57
1187,1200,1056,535,57
1188,2700,534,276,57
1189,2100,1302,669,57
1190,5400,1,0,57
1191,900,401,187,57
1192,600,80,29,57
1193,2400,957,498,57
1194,3600,79,47,57
1195,1500,1538,829,57
1196,4800,9,3,57
1197,5700,4,0,58
1198,3300,336,167,58
1199,1800,3132,1572,58
1200,3900,78,37,58
1201,300,31,17,58
1202,6000,4,1,58
1203,3000,685,323,58
1204,4200,44,19,58
1205,4500,19,10,58
1206,1200,1731,960,58
1207,2700,1004,476,58
1208,5100,9,7,58
1209,2100,2546,1248,58
1210,5400,2,0,58
1211,900,654,420,58
1212,600,170,118,58
1213,2400,1869,878,58
1214,3600,160,73,58
1215,1500,2576,1320,58
1216,4800,9,5,58
1217,3300,77,35,59
1218,1800,944,471,59
1219,3900,19,10,59
1220,300,21,6,59
1221,3000,168,90,59
1222,4200,4,1,59
1223,4500,3,2,59
1224,1200,781,442,59
1225,2700,241,115,59
1226,2100,657,307,59
1227,900,360,209,59
1228,600,97,50,59
1229,2400,429,209,59
1230,3600,29,17,59
1231,1500,1020,522,59
1232,4800,3,2,59
1233,3300,292,156,60
1234,1800,2414,1155,60
1235,3900,78,43,60
1236,300,26,13,60
1237,3000,544,277,60
1238,4200,35,21,60
1239,7800,1,1,60
1240,4500,15,7,60
1241,1200,1370,603,60
1242,2700,853,480,60
1243,5100,4,1,60
1244,2100,2047,1067,60
1245,5400,2,1,60
1246,900,553,267,60
1247,6300,1,0,60
1248,600,138,68,60
1249,2400,1307,673,60
1250,8400,1,0,60
1251,3600,173,86,60
1252,1500,2222,1097,60
1253,4800,10,5,60
1254,5700,1,1,61
1255,3300,140,59,61
1256,1800,1304,659,61
1257,3900,35,16,61
1258,300,15,8,61
1259,3000,293,132,61
1260,4200,14,7,61
1261,4500,9,2,61
1262,1200,825,537,61
1263,2700,374,199,61
1264,2100,950,491,61
1265,5400,1,1,61
1266,900,325,235,61
1267,6300,1,1,61
1268,600,83,59,61
1269,2400,676,343,61
1270,3600,61,25,61
1271,1500,1106,609,61
1272,4800,3,2,61
1273,5700,1,1,62
1274,3300,188,94,62
1275,1800,1695,920,62
1276,3900,45,16,62
1277,300,19,9,62
1278,3000,360,189,62
1279,4200,35,20,62
1280,7800,1,0,62
1281,4500,20,12,62
1282,1200,1160,679,62
1283,2700,597,303,62
1284,5100,4,1,62
1285,2100,1397,730,62
1286,5400,1,1,62
1287,900,523,319,62
1288,600,116,76,62
1289,2400,942,488,62
1290,3600,102,44,62
1291,1500,1714,932,62
1292,4800,6,4,62
1293,5700,6,5,63
1294,3300,405,202,63
1295,7500,1,1,63
1296,1800,3236,1609,63
1297,3900,103,60,63
1298,300,40,18,63
1299,3000,782,381,63
1300,4200,50,26,63
1301,6600,1,0,63
1302,4500,17,9,63
1303,1200,1823,892,63
1304,2700,1166,577,63
1305,5100,6,3,63
1306,2100,2564,1248,63
1307,5400,2,2,63
1308,900,694,338,63
1309,6300,3,0,63
1310,600,166,91,63
1311,2400,1854,944,63
1312,8400,1,0,63
1313,3600,243,127,63
1314,1500,2766,1327,63
1315,4800,16,11,63
1316,5700,2,2,64
1317,3300,420,207,64
1318,1800,4074,1925,64
1319,3900,109,48,64
1320,300,44,20,64
1321,7200,1,0,64
1322,3000,820,418,64
1323,4200,49,25,64
1324,6600,2,2,64
1325,4500,25,12,64
1326,1200,2356,1121,64
1327,2700,1225,599,64
1328,5100,5,2,64
1329,2100,2966,1442,64
1330,5400,2,2,64
1331,900,974,468,64
1332,6300,1,1,64
1333,600,247,124,64
1334,2400,1963,934,64
1335,3600,205,92,64
1336,1500,3571,1669,64
1337,4800,13,4,64
1338,5700,5,4,65
1339,3300,604,275,65
1340,1800,4426,2322,65
1341,3900,174,83,65
1342,300,48,26,65
1343,6000,3,1,65
1344,3000,1168,568,65
1345,4200,82,30,65
1346,4500,38,21,65
1347,1200,2354,1210,65
1348,2700,1790,861,65
1349,5100,8,3,65
1350,2100,3749,1943,65
1351,5400,3,0,65
1352,900,952,540,65
1353,6300,2,2,65
1354,600,243,132,65
1355,2400,2941,1435,65
1356,3600,338,153,65
1357,1500,3723,2027,65
1358,4800,18,10,65
1359,5700,2,1,66
1360,3300,211,117,66
1361,1800,1722,988,66
1362,3900,57,32,66
1363,300,24,15,66
1364,6000,2,1,66
1365,3000,380,207,66
1366,4200,31,15,66
1367,4500,17,6,66
1368,1200,1383,905,66
1369,2700,601,288,66
1370,5100,8,4,66
1371,2100,1309,701,66
1372,5400,2,0,66
1373,900,740,532,66
1374,12000,1,0,66
1375,600,202,166,66
1376,2400,985,487,66
1377,3600,116,50,66
1378,8100,1,0,66
1379,1500,1792,1075,66
1380,4800,4,2,66
1381,3300,260,145,67
1382,1800,1967,875,67
1383,3900,70,49,67
1384,300,13,4,67
1385,3000,514,283,67
1386,4200,43,26,67
1387,4500,24,12,67
1388,1200,955,380,67
1389,2700,742,383,67
1390,5100,6,5,67
1391,6900,1,0,67
1392,2100,1683,856,67
1393,5400,3,1,67
1394,900,331,99,67
1395,600,93,33,67
1396,2400,1261,677,67
1397,3600,157,93,67
1398,1500,1625,706,67
1399,4800,5,1,67
1400,5700,4,3,68
1401,3300,515,267,68
1402,7500,2,1,68
1403,1800,2924,1422,68
1404,3900,144,80,68
1405,300,35,12,68
1406,6000,2,2,68
1407,7200,1,1,68
1408,3000,955,492,68
1409,4200,83,46,68
1410,6600,3,1,68
1411,4500,46,29,68
1412,1200,1510,684,68
1413,2700,1300,678,68
1414,5100,17,7,68
1415,6900,1,0,68
1416,2100,2469,1252,68
1417,5400,9,6,68
1418,900,644,276,68
1419,6300,3,2,68
1420,600,177,75,68
1421,2400,2020,1064,68
1422,3600,310,179,68
1423,1500,2497,1219,68
1424,4800,18,10,68
1425,5700,2,1,69
1426,3300,495,262,69
1427,1800,4223,2066,69
1428,3900,139,88,69
1429,300,26,10,69
1430,6000,2,0,69
1431,7200,1,1,69
1432,3000,1047,588,69
1433,4200,71,31,69
1434,6600,1,0,69
1435,4500,36,19,69
1436,1200,2216,1013,69
1437,2700,1505,818,69
1438,5100,8,4,69
1439,2100,3209,1693,69
1440,5400,2,1,69
1441,900,876,378,69
1442,6300,1,1,69
1443,600,239,102,69
1444,2400,2481,1365,69
1445,3600,271,135,69
1446,1500,3612,1662,69
1447,4800,25,10,69
1448,5700,1,0,70
1449,3300,312,162,70
1450,1800,2823,1410,70
1451,3900,75,35,70
1452,300,22,11,70
1453,3000,570,296,70
1454,4200,45,21,70
1455,4500,12,3,70
1456,1200,1609,742,70
1457,2700,819,407,70
1458,5100,5,1,70
1459,6900,1,1,70
1460,2100,2150,1090,70
1461,900,602,277,70
1462,600,165,83,70
1463,2400,1516,791,70
1464,3600,153,85,70
1465,1500,2535,1232,70
1466,4800,12,6,70
1467,5700,1,0,71
1468,3300,282,144,71
1469,1800,3418,1703,71
1470,3900,90,52,71
1471,300,29,17,71
1472,6000,1,0,71
1473,3000,528,259,71
1474,4200,48,24,71
1475,6600,1,0,71
1476,4500,17,9,71
1477,1200,1836,838,71
1478,2700,905,490,71
1479,5100,8,8,71
1480,2100,2437,1257,71
1481,5400,3,0,71
1482,900,671,270,71
1483,6300,1,0,71
1484,600,146,65,71
1485,2400,1538,757,71
1486,8400,1,1,71
1487,3600,145,77,71
1488,1500,3054,1441,71
1489,4800,11,4,71
1490,5700,3,2,72
1491,3300,462,224,72
1492,1800,3752,1825,72
1493,3900,135,61,72
1494,300,52,27,72
1495,6000,1,0,72
1496,3000,895,455,72
1497,4200,68,36,72
1498,6600,2,1,72
1499,4500,26,9,72
1500,1200,2078,1107,72
1501,2700,1388,678,72
1502,5100,4,3,72
1503,2100,3043,1485,72
1504,5400,5,2,72
1505,900,829,429,72
1506,600,203,89,72
1507,2400,2246,1085,72
1508,3600,240,124,72
1509,1500,3324,1658,72
1510,4800,19,10,72
1511,5700,1,0,73
1512,3300,238,119,73
1513,1800,1912,1015,73
1514,3900,55,30,73
1515,300,20,10,73
1516,3000,399,188,73
1517,4200,28,13,73
1518,4500,11,4,73
1519,1200,1072,534,73
1520,2700,594,294,73
1521,5100,3,1,73
1522,2100,1412,747,73
1523,900,406,189,73
1524,600,110,48,73
1525,2400,1027,467,73
1526,3600,125,63,73
1527,1500,1739,916,73
1528,4800,3,2,73
1529,5700,2,2,74
1530,3300,652,337,74
1531,7500,1,1,74
1532,1800,4513,2285,74
1533,3900,181,89,74
1534,300,42,20,74
1535,6000,3,2,74
1536,7200,1,1,74
1537,3000,1117,555,74
1538,4200,93,52,74
1539,7800,2,2,74
1540,4500,40,14,74
1541,1200,2741,1302,74
1542,2700,1661,846,74
1543,5100,13,7,74
1544,2100,3491,1725,74
1545,5400,3,0,74
1546,900,1172,547,74
1547,600,288,133,74
1548,2400,2766,1386,74
1549,3600,339,148,74
1550,1500,4083,2038,74
1551,4800,19,13,74
1552,5700,2,0,75
1553,3300,341,166,75
1554,1800,2567,1206,75
1555,3900,70,28,75
1556,300,19,5,75
1557,6000,1,0,75
1558,3000,654,322,75
1559,4200,46,31,75
1560,6600,1,1,75
1561,4500,21,10,75
1562,1200,1312,603,75
1563,2700,905,462,75
1564,5100,4,1,75
1565,2100,1976,942,75
1566,900,516,184,75
1567,6300,1,0,75
1568,600,136,32,75
1569,2400,1474,708,75
1570,3600,177,82,75
1571,8100,1,1,75
1572,1500,2148,1002,75
1573,4800,9,4,75
1574,5700,4,4,76
1575,3300,276,150,76
1576,1800,2722,1377,76
1577,3900,81,52,76
1578,300,26,12,76
1579,6000,1,0,76
1580,3000,581,291,76
1581,4200,40,18,76
1582,4500,12,7,76
1583,1200,1652,763,76
1584,2700,851,439,76
1585,5100,8,3,76
1586,2100,2005,955,76
1587,900,651,249,76
1588,600,150,65,76
1589,2400,1429,741,76
1590,3600,142,78,76
1591,1500,2471,1186,76
1592,4800,11,8,76
1593,5700,1,0,77
1594,3300,219,101,77
1595,1800,1876,1018,77
1596,3900,50,22,77
1597,300,19,13,77
1598,6000,2,1,77
1599,7200,1,0,77
1600,3000,442,216,77
1601,4200,42,23,77
1602,4500,12,7,77
1603,1200,1371,936,77
1604,2700,603,269,77
1605,5100,2,1,77
1606,2100,1378,664,77
1607,5400,2,1,77
1608,900,596,446,77
1609,6300,1,1,77
1610,600,173,130,77
1611,2400,1003,470,77
1612,3600,110,54,77
1613,1500,1719,1036,77
1614,4800,7,5,77
1615,3300,363,171,78
1616,1800,2351,1184,78
1617,3900,77,41,78
1618,300,30,18,78
1619,7200,1,1,78
1620,3000,607,313,78
1621,4200,41,19,78
1622,4500,20,10,78
1623,1200,1228,589,78
1624,2700,925,494,78
1625,5100,2,0,78
1626,2100,2009,1036,78
1627,5400,2,2,78
1628,900,534,281,78
1629,6300,2,1,78
1630,600,149,79,78
1631,2400,1496,782,78
1632,3600,193,98,78
1633,1500,1948,989,78
1634,4800,16,4,78
1635,5700,2,0,79
1636,3300,540,270,79
1637,1800,3783,1905,79
1638,3900,136,67,79
1639,300,49,25,79
1640,6000,1,0,79
1641,3000,950,444,79
1642,4200,75,37,79
1643,4500,42,20,79
1644,1200,2207,1036,79
1645,2700,1383,687,79
1646,5100,7,3,79
1647,2100,3092,1588,79
1648,5400,1,1,79
1649,900,784,374,79
1650,6300,1,0,79
1651,600,203,88,79
1652,2400,2290,1164,79
1653,3600,256,132,79
1654,8100,1,1,79
1655,1500,3268,1630,79
1656,4800,25,10,79
1657,5700,2,1,80
1658,3300,174,73,80
1659,1800,1335,701,80
1660,3900,43,27,80
1661,300,15,8,80
1662,3000,309,141,80
1663,4200,24,15,80
1664,4500,11,7,80
1665,1200,1004,605,80
1666,2700,420,193,80
1667,5100,3,3,80
1668,2100,933,442,80
1669,5400,3,3,80
1670,900,421,236,80
1671,600,107,60,80
1672,2400,680,335,80
1673,3600,79,35,80
1674,1500,1307,746,80
1675,4800,8,2,80
1676,3300,168,84,81
1677,1800,2062,1013,81
1678,3900,39,15,81
1679,300,24,14,81
1680,3000,382,177,81
1681,4200,24,11,81
1682,4500,9,4,81
1683,1200,1057,512,81
1684,2700,544,276,81
1685,5100,2,0,81
1686,2100,1436,671,81
1687,5400,2,1,81
1688,900,425,208,81
1689,600,118,56,81
1690,2400,959,496,81
1691,3600,82,41,81
1692,1500,1687,832,81
1693,4800,3,1,81
1694,3300,62,29,82
1695,1800,538,274,82
1696,3900,7,2,82
1697,300,17,5,82
1698,3000,126,56,82
1699,4200,7,2,82
1700,4500,4,1,82
1701,1200,487,288,82
1702,2700,176,91,82
1703,2100,363,172,82
1704,900,195,107,82
1705,6300,1,1,82
1706,600,52,25,82
1707,2400,269,127,82
1708,8400,1,1,82
1709,3600,26,13,82
1710,1500,626,331,82
1711,5700,2,1,83
1712,3300,347,180,83
1713,1800,2892,1550,83
1714,3900,78,34,83
1715,300,37,21,83
1716,3000,695,344,83
1717,4200,51,23,83
1718,4500,32,20,83
1719,1200,1695,922,83
1720,2700,1019,538,83
1721,5100,12,9,83
1722,6900,1,1,83
1723,2100,2177,1159,83
1724,5400,2,0,83
1725,900,649,363,83
1726,600,161,92,83
1727,2400,1673,846,83
1728,3600,189,102,83
1729,1500,2591,1451,83
1730,4800,12,7,83
1731,5700,3,1,84
1732,3300,422,199,84
1733,1800,4498,2276,84
1734,3900,117,64,84
1735,300,43,17,84
1736,7200,1,0,84
1737,3000,794,394,84
1738,4200,49,26,84
1739,4500,30,16,84
1740,1200,2734,1268,84
1741,2700,1183,599,84
1742,5100,6,4,84
1743,2100,3095,1514,84
1744,5400,4,0,84
1745,900,976,430,84
1746,6300,1,0,84
1747,600,224,98,84
1748,2400,2076,1041,84
1749,3600,215,113,84
1750,1500,4375,2110,84
1751,4800,10,3,84
1752,5700,3,2,85
1753,3300,435,227,85
1754,1800,4148,2079,85
1755,3900,111,65,85
1756,300,41,21,85
1757,6000,1,0,85
1758,3000,853,438,85
1759,4200,60,34,85
1760,6600,1,0,85
1761,7800,1,1,85
1762,4500,20,12,85
1763,1200,2404,1238,85
1764,2700,1221,608,85
1765,5100,7,5,85
1766,2100,3178,1592,85
1767,900,940,463,85
1768,6300,2,2,85
1769,600,219,117,85
1770,2400,2181,1060,85
1771,3600,243,109,85
1772,1500,3795,1946,85
1773,4800,18,9,85
1774,5700,7,3,86
1775,3300,998,495,86
1776,7500,1,0,86
1777,1800,10426,5111,86
1778,3900,281,134,86
1779,300,67,34,86
1780,6000,4,3,86
1781,3000,2043,979,86
1782,4200,149,68,86
1783,6600,3,2,86
1784,4500,78,35,86
1785,1200,5336,2826,86
1786,2700,3136,1469,86
1787,5100,15,7,86
1788,2100,7685,3709,86
1789,5400,10,5,86
1790,900,1879,1026,86
1791,12000,1,0,86
1792,600,421,233,86
1793,2400,5358,2527,86
1794,8400,1,0,86
1795,3600,545,257,86
1796,1500,9158,4635,86
1797,4800,21,12,86
1798,5700,3,2,87
1799,3300,613,305,87
1800,1800,5197,2527,87
1801,3900,173,92,87
1802,300,43,18,87
1803,6000,2,0,87
1804,3000,1119,588,87
1805,4200,71,42,87
1806,6600,1,0,87
1807,4500,46,27,87
1808,1200,2737,1228,87
1809,2700,1679,866,87
1810,5100,11,5,87
1811,2100,3944,1952,87
1812,5400,2,1,87
1813,900,1085,420,87
1814,12000,1,1,87
1815,600,278,104,87
1816,2400,2789,1423,87
1817,3600,309,172,87
1818,1500,4680,2215,87
1819,4800,25,14,87
1820,5700,4,4,88
1821,3300,434,223,88
1822,7500,2,2,88
1823,1800,3805,2054,88
1824,3900,130,84,88
1825,300,28,12,88
1826,6000,2,0,88
1827,3000,863,469,88
1828,4200,68,32,88
1829,7800,1,0,88
1830,4500,33,18,88
1831,1200,2142,1120,88
1832,2700,1258,662,88
1833,5100,10,6,88
1834,6900,1,0,88
1835,2100,2853,1492,88
1836,5400,2,1,88
1837,900,787,391,88
1838,6300,1,1,88
1839,600,204,99,88
1840,2400,2166,1156,88
1841,3600,241,118,88
1842,1500,3184,1678,88
1843,4800,16,8,88
1844,5700,4,1,89
1845,3300,350,185,89
1846,1800,1964,1021,89
1847,3900,107,62,89
1848,300,26,17,89
1849,6000,1,0,89
1850,3000,589,301,89
1851,4200,57,31,89
1852,6600,1,0,89
1853,4500,37,23,89
1854,1200,998,484,89
1855,2700,858,428,89
1856,5100,6,3,89
1857,2100,1676,890,89
1858,5400,4,3,89
1859,900,402,175,89
1860,6300,3,2,89
1861,600,116,42,89
1862,2400,1348,731,89
1863,3600,175,93,89
1864,1500,1709,892,89
1865,4800,14,8,89
1866,5700,1,0,90
1867,3300,336,161,90
1868,1800,2998,1548,90
1869,3900,94,48,90
1870,300,28,18,90
1871,6000,2,2,90
1872,3000,667,310,90
1873,4200,57,27,90
1874,4500,21,11,90
1875,1200,1657,898,90
1876,2700,991,480,90
1877,5100,5,2,90
1878,2100,2308,1179,90
1879,5400,3,3,90
1880,900,583,336,90
1881,6300,2,1,90
1882,600,166,88,90
1883,2400,1692,819,90
1884,3600,188,105,90
1885,1500,2621,1407,90
1886,4800,12,7,90
1887,5700,1,0,91
1888,3300,321,152,91
1889,1800,3169,1732,91
1890,3900,55,29,91
1891,300,31,17,91
1892,3000,585,282,91
1893,4200,31,17,91
1894,4500,12,3,91
1895,1200,2021,1212,91
1896,2700,944,484,91
1897,5100,2,2,91
1898,2100,2355,1238,91
1899,5400,2,2,91
1900,900,828,538,91
1901,600,205,143,91
1902,2400,1560,757,91
1903,3600,131,58,91
1904,1500,2893,1637,91
1905,4800,5,2,91
1906,5700,5,3,92
1907,3300,207,105,92
1908,1800,1751,955,92
1909,3900,47,20,92
1910,300,27,14,92
1911,3000,427,202,92
1912,4200,23,18,92
1913,4500,12,5,92
1914,1200,1193,678,92
1915,2700,646,335,92
1916,5100,6,2,92
1917,2100,1336,670,92
1918,5400,2,1,92
1919,900,507,286,92
1920,6300,1,1,92
1921,600,148,79,92
1922,2400,1039,592,92
1923,3600,108,65,92
1924,1500,1614,868,92
1925,4800,4,3,92
1926,5700,3,1,93
1927,3300,393,214,93
1928,1800,3065,1433,93
1929,3900,91,65,93
1930,300,47,20,93
1931,6000,1,0,93
1932,3000,746,376,93
1933,4200,53,30,93
1934,4500,26,20,93
1935,1200,1850,839,93
1936,2700,1155,613,93
1937,5100,3,2,93
1938,6900,1,1,93
1939,2100,2474,1233,93
1940,5400,1,0,93
1941,900,743,338,93
1942,6300,1,0,93
1943,600,217,83,93
1944,2400,1713,877,93
1945,3600,186,98,93
1946,1500,2925,1407,93
1947,4800,11,9,93
1948,5700,2,1,94
1949,3300,294,153,94
1950,1800,2357,1259,94
1951,3900,63,25,94
1952,300,12,3,94
1953,6000,1,0,94
1954,3000,564,272,94
1955,4200,35,18,94
1956,7800,1,1,94
1957,4500,11,5,94
1958,1200,1067,539,94
1959,2700,809,417,94
1960,5100,3,0,94
1961,2100,1906,956,94
1962,5400,4,1,94
1963,900,336,135,94
1964,6300,2,2,94
1965,600,75,28,94
1966,2400,1405,752,94
1967,3600,114,56,94
1968,8100,1,1,94
1969,1500,1850,954,94
1970,4800,8,2,94
1971,5700,1,0,95
1972,3300,253,116,95
1973,1800,2827,1418,95
1974,3900,66,30,95
1975,300,15,10,95
1976,7200,1,1,95
1977,3000,497,241,95
1978,4200,38,20,95
1979,4500,14,10,95
1980,1200,1850,921,95
1981,2700,788,416,95
1982,5100,6,2,95
1983,2100,2077,1070,95
1984,5400,1,1,95
1985,900,619,287,95
1986,6300,2,2,95
1987,600,146,79,95
1988,2400,1392,670,95
1989,3600,144,69,95
1990,1500,2654,1268,95
1991,4800,10,4,95
1992,5700,4,4,96
1993,3300,449,241,96
1994,1800,3995,2045,96
1995,3900,122,54,96
1996,300,43,22,96
1997,3000,983,523,96
1998,4200,62,33,96
1999,4500,35,17,96
2000,1200,2282,1046,96
2001,2700,1408,746,96
2002,5100,7,4,96
2003,6900,1,1,96
2004,2100,3052,1554,96
2005,5400,3,3,96
2006,900,890,402,96
2007,6300,2,1,96
2008,600,224,99,96
2009,2400,2272,1193,96
2010,3600,236,127,96
2011,1500,3658,1790,96
2012,4800,8,7,96
2013,5700,1,0,97
2014,3300,321,160,97
2015,1800,3405,1763,97
2016,3900,86,40,97
2017,300,21,11,97
2018,6000,2,1,97
2019,7200,2,1,97
2020,3000,645,305,97
2021,4200,41,22,97
2022,6600,1,1,97
2023,4500,20,8,97
2024,1200,1862,912,97
2025,2700,999,485,97
2026,5100,4,3,97
2027,2100,2466,1250,97
2028,5400,1,1,97
2029,900,632,266,97
2030,6300,1,1,97
2031,600,152,71,97
2032,2400,1743,843,97
2033,3600,161,77,97
2034,1500,3047,1545,97
2035,4800,9,4,97
2036,3300,401,191,98
2037,1800,3769,1800,98
2038,3900,126,60,98
2039,300,48,27,98
2040,6000,1,0,98
2041,7200,1,1,98
2042,3000,804,407,98
2043,4200,72,33,98
2044,6600,1,0,98
2045,7800,2,1,98
2046,4500,36,12,98
2047,1200,2006,1020,98
2048,2700,1207,571,98
2049,5100,10,4,98
2050,2100,2800,1353,98
2051,5400,4,1,98
2052,900,806,395,98
2053,6300,1,0,98
2054,600,195,109,98
2055,2400,2094,983,98
2056,3600,235,106,98
2057,8100,1,0,98
2058,1500,3264,1624,98
2059,4800,20,11,98
2060,5700,1,1,99
2061,3300,250,130,99
2062,1800,1806,865,99
2063,3900,62,28,99
2064,300,25,9,99
2065,6000,1,1,99
2066,3000,417,180,99
2067,4200,36,16,99
2068,6600,2,2,99
2069,4500,15,11,99
2070,1200,1089,451,99
2071,2700,650,280,99
2072,5100,3,2,99
2073,2100,1309,609,99
2074,5400,1,1,99
2075,900,557,191,99
2076,12000,1,1,99
2077,600,186,53,99
2078,2400,967,439,99
2079,3600,127,65,99
2080,1500,1574,688,99
2081,4800,8,6,99
2082,5700,3,1,100
2083,3300,501,239,100
2084,1800,5231,2558,100
2085,3900,131,61,100
2086,300,46,27,100
2087,6000,1,1,100
2088,3000,1064,546,100
2089,4200,71,30,100
2090,7800,1,1,100
2091,4500,28,12,100
2092,1200,2860,1419,100
2093,2700,1542,770,100
2094,5100,4,1,100
2095,2100,3943,1866,100
2096,5400,4,3,100
2097,900,1026,559,100
2098,600,225,123,100
2099,2400,2678,1275,100
2100,3600,262,123,100
2101,1500,4602,2220,100
2102,4800,15,8,100
2103,5700,1,0,101
2104,3300,507,242,101
2105,1800,4010,1914,101
2106,3900,123,66,101
2107,300,53,28,101
2108,6000,1,1,101
2109,3000,940,468,101
2110,4200,80,39,101
2111,4500,36,17,101
2112,1200,2187,1010,101
2113,2700,1348,700,101
2114,5100,6,5,101
2115,2100,3180,1518,101
2116,5400,1,1,101
2117,900,814,410,101
2118,6300,4,2,101
2119,600,238,123,101
2120,2400,2297,1101,101
2121,3600,278,128,101
2122,1500,3521,1619,101
2123,4800,18,10,101
2124,3300,232,116,102
2125,1800,2499,1242,102
2126,3900,56,27,102
2127,300,33,13,102
2128,7200,1,1,102
2129,3000,500,240,102
2130,4200,26,16,102
2131,4500,14,8,102
2132,1200,1591,858,102
2133,2700,730,368,102
2134,5100,3,1,102
2135,2100,1800,875,102
2136,5400,1,1,102
2137,900,617,342,102
2138,6300,1,1,102
2139,600,170,73,102
2140,2400,1300,638,102
2141,3600,114,62,102
2142,1500,2334,1214,102
2143,4800,6,4,102
2144,5700,1,0,103
2145,3300,309,175,103
2146,1800,1821,918,103
2147,3900,80,38,103
2148,300,10,6,103
2149,6000,1,0,103
2150,3000,561,296,103
2151,4200,58,30,103
2152,4500,18,12,103
2153,1200,909,464,103
2154,2700,762,425,103
2155,5100,5,3,103
2156,2100,1511,799,103
2157,5400,3,2,103
2158,900,362,187,103
2159,6300,1,0,103
2160,600,72,29,103
2161,2400,1196,637,103
2162,3600,161,75,103
2163,1500,1475,791,103
2164,4800,10,7,103
2165,5700,1,0,104
2166,3300,299,153,104
2167,1800,3716,1831,104
2168,3900,70,26,104
2169,300,22,10,104
2170,6000,1,1,104
2171,3000,640,293,104
2172,4200,39,19,104
2173,6600,1,1,104
2174,4500,27,15,104
2175,1200,1988,982,104
2176,2700,941,427,104
2177,5100,6,4,104
2178,2100,2574,1238,104
2179,5400,3,1,104
2180,900,636,303,104
2181,600,152,74,104
2182,2400,1711,830,104
2183,8400,1,0,104
2184,3600,148,71,104
2185,1500,3489,1690,104
2186,4800,7,4,104
2187,5700,2,2,105
2188,3300,150,69,105
2189,1800,1567,772,105
2190,3900,40,19,105
2191,300,10,2,105
2192,6000,1,1,105
2193,3000,322,143,105
2194,4200,35,19,105
2195,4500,16,3,105
2196,1200,755,365,105
2197,2700,485,239,105
2198,5100,4,1,105
2199,2100,1119,566,105
2200,5400,3,1,105
2201,900,227,101,105
2202,6300,2,2,105
2203,600,58,29,105
2204,2400,813,426,105
2205,3600,93,39,105
2206,8100,1,0,105
2207,1500,1263,622,105
2208,4800,6,2,105
2209,5700,6,4,106
2210,3300,724,367,106
2211,7500,1,1,106
2212,1800,6234,3092,106
2213,3900,190,94,106
2214,300,43,25,106
2215,6000,3,2,106
2216,7200,1,1,106
2217,3000,1387,685,106
2218,4200,110,51,106
2219,6600,1,1,106
2220,4500,54,16,106
2221,1200,3453,1843,106
2222,2700,2000,1003,106
2223,5100,14,7,106
2224,2100,4735,2276,106
2225,5400,2,2,106
2226,900,1207,666,106
2227,6300,1,1,106
2228,600,314,193,106
2229,2400,3440,1626,106
2230,3600,377,178,106
2231,1500,5436,2734,106
2232,4800,23,13,106
2233,5700,2,2,107
2234,3300,410,202,107
2235,1800,3552,1796,107
2236,3900,87,45,107
2237,300,31,14,107
2238,7200,1,0,107
2239,3000,799,393,107
2240,4200,44,18,107
2241,4500,26,11,107
2242,1200,1977,968,107
2243,2700,1112,533,107
2244,5100,9,5,107
2245,2100,2759,1387,107
2246,5400,1,1,107
2247,900,629,318,107
2248,6300,1,0,107
2249,600,137,77,107
2250,2400,1957,997,107
2251,3600,191,83,107
2252,1500,3077,1566,107
2253,4800,14,5,107
2254,5700,1,1,108
2255,3300,155,84,108
2256,1800,1254,602,108
2257,3900,37,18,108
2258,300,13,6,108
2259,6000,1,1,108
2260,3000,317,162,108
2261,4200,42,20,108
2262,4500,9,7,108
2263,1200,675,313,108
2264,2700,454,205,108
2265,5100,5,2,108
2266,2100,1065,475,108
2267,5400,2,2,108
2268,900,232,92,108
2269,6300,1,0,108
2270,600,43,13,108
2271,2400,794,377,108
2272,3600,82,43,108
2273,8100,1,1,108
2274,1500,1141,568,108
2275,4800,12,3,108
2276,5700,1,1,109
2277,3300,383,173,109
2278,1800,2955,1495,109
2279,3900,100,45,109
2280,300,13,6,109
2281,6000,1,1,109
2282,3000,691,319,109
2283,4200,56,23,109
2284,4500,20,10,109
2285,1200,1434,719,109
2286,2700,981,485,109
2287,5100,8,5,109
2288,2100,2323,1187,109
2289,5400,4,2,109
2290,900,459,232,109
2291,6300,1,0,109
2292,600,89,50,109
2293,2400,1787,863,109
2294,3600,188,85,109
2295,1500,2521,1319,109
2296,4800,14,10,109
2297,5700,2,1,110
2298,3300,397,211,110
2299,1800,3445,1638,110
2300,3900,110,46,110
2301,300,28,14,110
2302,3000,745,376,110
2303,4200,52,22,110
2304,4500,31,20,110
2305,1200,1637,777,110
2306,2700,1157,561,110
2307,5100,3,1,110
2308,2100,2641,1342,110
2309,5400,3,2,110
2310,900,543,239,110
2311,6300,1,0,110
2312,600,121,63,110
2313,2400,2077,1052,110
2314,3600,214,115,110
2315,1500,2725,1327,110
2316,4800,12,5,110
2317,5700,2,0,111
2318,3300,286,137,111
2319,7500,1,1,111
2320,1800,2716,1327,111
2321,3900,62,31,111
2322,300,26,15,111
2323,6000,1,1,111
2324,7200,1,0,111
2325,3000,534,266,111
2326,4200,48,29,111
2327,4500,19,9,111
2328,1200,1661,843,111
2329,2700,836,429,111
2330,5100,3,2,111
2331,2100,2013,992,111
2332,5400,1,1,111
2333,900,648,315,111
2334,600,155,75,111
2335,2400,1434,709,111
2336,3600,132,74,111
2337,1500,2517,1196,111
2338,4800,4,1,111
2339,5700,4,1,112
2340,3300,351,167,112
2341,1800,2900,1400,112
2342,3900,96,59,112
2343,300,22,12,112
2344,3000,708,358,112
2345,4200,49,20,112
2346,6600,1,1,112
2347,4500,25,12,112
2348,1200,1504,751,112
2349,2700,1056,503,112
2350,5100,6,2,112
2351,6900,1,1,112
2352,2100,2325,1147,112
2353,5400,1,0,112
2354,900,526,254,112
2355,600,142,63,112
2356,2400,1838,880,112
2357,3600,205,99,112
2358,1500,2483,1237,112
2359,4800,7,3,112
2360,5700,1,1,113
2361,3300,81,38,113
2362,1800,474,229,113
2363,3900,29,13,113
2364,300,10,4,113
2365,6000,2,1,113
2366,3000,156,74,113
2367,4200,24,11,113
2368,4500,9,4,113
2369,1200,233,99,113
2370,2700,187,85,113
2371,5100,3,1,113
2372,2100,379,183,113
2373,5400,4,4,113
2374,900,92,32,113
2375,6300,1,0,113
2376,600,21,4,113
2377,2400,312,154,113
2378,3600,42,17,113
2379,1500,371,183,113
2380,4800,6,1,113
2381,5700,3,1,114
2382,3300,282,151,114
2383,1800,3400,1681,114
2384,3900,73,49,114
2385,300,32,18,114
2386,3000,613,350,114
2387,4200,34,17,114
2388,7800,1,0,114
2389,4500,23,13,114
2390,1200,1639,796,114
2391,2700,915,490,114
2392,5100,3,2,114
2393,2100,2495,1273,114
2394,5400,1,0,114
2395,900,588,290,114
2396,6300,1,1,114
2397,600,180,102,114
2398,2400,1743,898,114
2399,3600,144,81,114
2400,1500,2919,1454,114
2401,4800,10,4,114
2402,3300,219,109,119
2403,1800,2290,1141,119
2404,3900,48,23,119
2405,300,15,5,119
2406,3000,462,202,119
2407,4200,29,17,119
2408,4500,16,7,119
2409,1200,1076,487,119
2410,2700,650,315,119
2411,5100,3,2,119
2412,6900,1,1,119
2413,2100,1683,853,119
2414,5400,1,0,119
2415,900,313,147,119
2416,600,68,27,119
2417,2400,1173,627,119
2418,3600,99,48,119
2419,1500,1928,935,119
2420,4800,6,3,119
2421,5700,1,1,120
2422,3300,362,156,120
2423,1800,4003,1976,120
2424,3900,89,45,120
2425,300,19,11,120
2426,6000,3,0,120
2427,3000,798,382,120
2428,4200,43,20,120
2429,4500,17,10,120
2430,1200,1929,1021,120
2431,2700,1218,613,120
2432,5100,3,1,120
2433,2100,3075,1533,120
2434,5400,2,1,120
2435,900,560,274,120
2436,6300,1,1,120
2437,600,124,68,120
2438,2400,2250,1149,120
2439,3600,192,97,120
2440,1500,3226,1652,120
2441,4800,9,4,120
2442,5700,2,0,121
2443,3300,407,211,121
2444,1800,4851,2241,121
2445,3900,72,51,121
2446,300,50,19,121
2447,3000,853,451,121
2448,4200,51,20,121
2449,4500,20,9,121
2450,1200,2664,1104,121
2451,2700,1277,634,121
2452,5100,6,1,121
2453,2100,3451,1659,121
2454,5400,1,0,121
2455,900,877,347,121
2456,6300,2,1,121
2457,600,215,92,121
2458,2400,2303,1122,121
2459,3600,178,88,121
2460,1500,4232,1933,121
2461,4800,7,3,121
2462,3300,203,112,123
2463,1800,2362,1157,123
2464,3900,56,26,123
2465,300,12,3,123
2466,3000,410,206,123
2467,4200,18,10,123
2468,4500,9,7,123
2469,1200,1018,526,123
2470,2700,640,322,123
2471,5100,4,2,123
2472,2100,1806,878,123
2473,900,274,160,123
2474,6300,2,2,123
2475,600,72,46,123
2476,2400,1288,605,123
2477,3600,87,49,123
2478,1500,1971,986,123
2479,4800,5,1,123
2480,3300,268,140,126
2481,1800,3280,1649,126
2482,3900,57,26,126
2483,300,18,10,126
2484,3000,564,286,126
2485,4200,33,18,126
2486,4500,10,5,126
2487,1200,1656,771,126
2488,2700,816,409,126
2489,2100,2340,1185,126
2490,5400,1,0,126
2491,900,449,193,126
2492,600,99,54,126
2493,2400,1606,830,126
2494,3600,107,53,126
2495,1500,2770,1314,126
2496,4800,5,2,126
2497,3300,319,156,128
2498,1800,4265,2040,128
2499,3900,63,22,128
2500,300,24,11,128
2501,6000,2,1,128
2502,3000,748,360,128
2503,4200,36,19,128
2504,6600,1,0,128
2505,7800,1,1,128
2506,4500,15,7,128
2507,1200,2007,967,128
2508,2700,1033,499,128
2509,5100,3,2,128
2510,2100,3029,1417,128
2511,5400,2,0,128
2512,900,584,290,128
2513,6300,1,1,128
2514,600,138,61,128
2515,2400,2042,1007,128
2516,3600,146,76,128
2517,8100,1,1,128
2518,1500,3372,1600,128
2519,4800,9,2,128
2520,5700,1,1,129
2521,3300,398,202,129
2522,1800,5083,2392,129
2523,3900,75,37,129
2524,300,29,19,129
2525,3000,763,386,129
2526,4200,35,24,129
2527,4500,9,2,129
2528,1200,2519,1134,129
2529,2700,1201,637,129
2530,5100,2,2,129
2531,2100,3666,1840,129
2532,5400,5,2,129
2533,900,694,295,129
2534,6300,2,0,129
2535,600,150,69,129
2536,2400,2398,1187,129
2537,3600,171,88,129
2538,1500,4237,1979,129
2539,4800,7,2,129
2540,3300,126,60,135
2541,1800,2149,1032,135
2542,3900,29,7,135
2543,300,11,8,135
2544,3000,315,155,135
2545,4200,16,8,135
2546,4500,2,0,135
2547,1200,927,455,135
2548,2700,473,234,135
2549,2100,1403,690,135
2550,900,242,134,135
2551,600,63,39,135
2552,2400,919,436,135
2553,3600,56,32,135
2554,1500,1678,799,135
2555,4800,4,2,135
2556,5700,1,1,136
2557,3300,105,51,136
2558,1800,1613,796,136
2559,3900,20,7,136
2560,300,7,4,136
2561,3000,265,122,136
2562,4200,18,9,136
2563,4500,7,4,136
2564,1200,781,401,136
2565,2700,370,171,136
2566,5100,1,1,136
2567,2100,1166,609,136
2568,900,241,143,136
2569,600,54,32,136
2570,2400,776,408,136
2571,3600,52,27,136
2572,1500,1391,700,136
2573,4800,6,2,136
2574,3300,143,64,137
2575,1800,1505,735,137
2576,3900,46,24,137
2577,300,14,6,137
2578,3000,307,157,137
2579,4200,22,11,137
2580,4500,13,7,137
2581,1200,656,352,137
2582,2700,475,242,137
2583,5100,1,0,137
2584,2100,1172,589,137
2585,5400,1,0,137
2586,900,167,94,137
2587,6300,2,0,137
2588,600,37,21,137
2589,2400,797,405,137
2590,3600,79,50,137
2591,1500,1197,623,137
2592,4800,3,1,137
2593,3300,55,29,138
2594,1800,716,360,138
2595,3900,18,7,138
2596,300,8,6,138
2597,3000,99,43,138
2598,4200,9,6,138
2599,4500,5,3,138
2600,1200,309,169,138
2601,2700,162,87,138
2602,5100,2,0,138
2603,2100,473,227,138
2604,900,86,50,138
2605,600,16,9,138
2606,2400,284,133,138
2607,3600,30,19,138
2608,1500,604,326,138
2609,4800,4,2,138
